id,email
1,oerdman@yahoo.com
2,zrogahn@gmail.com
3,paris.homenick@greenfelder.com
4,fletcher93@hotmail.com
5,imraz@welch.org
6,chris03@zboncak.com
7,zachary25@hotmail.com
8,hwhite@gmail.com
9,jasen.botsford@yahoo.com
10,vivienne.daniel@gleichner.net
11,oleffler@roberts.com
12,yhoppe@yahoo.com
13,erdman.jordy@hotmail.com
14,eliezer.daniel@hotmail.com
15,nharris@yahoo.com
16,niko.quigley@ziemann.com
17,wolson@nicolas.com
18,worn@gmail.com
19,melissa83@leannon.com
20,kebert@yahoo.com
21,dach.eleanore@ullrich.org
22,ibreitenberg@gmail.com
23,harvey78@hotmail.com
24,vmonahan@kunze.info
25,tparker@durgan.com
26,nicolas.rizzon@gmail.com
